,AFSMC,SMC
rmse_x,1.0128645488072663,1.0503131370920449
rmse_y,0.12305829986754303,0.07095272288468461
rmse_theta,0.06978973312285895,0.09509021134882029
energy,0.013289379490824834,0.0834114204103444
overshoot,26.34575597052714,28.71664514508252
